PAYMENT_ID,POLICY_ID,PAYMENT_DATE,PREMIUM_AMOUNT,PAYMENT_STATUS
PM0000001,P0000001,15DEC2023,213.55,RETURNED
PM0000002,P0000002,16NOV2023,55.78,POSTED
PM0000003,P0000002,17DEC2023,55.78,POSTED
PM0000004,P0000002,15JAN2024,55.78,POSTED
PM0000005,P0000003,18NOV2023,2121.46,RETURNED
PM0000006,P0000003,19DEC2023,2121.46,POSTED
PM0000007,P0000003,20JAN2024,2121.46,POSTED
PM0000008,P0000004,15DEC2023,1407.02,POSTED
PM0000009,P0000004,19JAN2024,1407.02,POSTED
PM0000010,P0000005,19NOV2023,298.59,POSTED
PM0000011,P0000005,17DEC2023,298.59,LATE
PM0000012,P0000005,17JAN2024,298.59,POSTED
PM0000013,P0000006,20NOV2023,464.36,RETURNED
PM0000014,P0000006,18DEC2023,464.36,POSTED
PM0000015,P0000006,16JAN2024,464.36,POSTED
PM0000016,P0000007,16DEC2023,1644.73,POSTED
PM0000017,P0000008,19NOV2023,231.52,RETURNED
PM0000018,P0000008,19DEC2023,231.52,POSTED
PM0000019,P0000008,17JAN2024,231.52,POSTED
PM0000020,P0000010,16NOV2023,349.95,POSTED
PM0000021,P0000010,19JAN2024,349.95,POSTED
PM0000022,P0000011,16NOV2023,128.04,POSTED
PM0000023,P0000011,25DEC2023,128.04,LATE
PM0000024,P0000011,17JAN2024,128.04,POSTED
PM0000025,P0000012,20NOV2023,107.91,POSTED
PM0000026,P0000012,19DEC2023,107.91,POSTED
PM0000027,P0000012,20JAN2024,107.91,POSTED
PM0000028,P0000013,17NOV2023,132.85,POSTED
PM0000029,P0000013,19JAN2024,132.85,POSTED
PM0000030,P0000014,15NOV2023,89.13,POSTED
PM0000031,P0000014,15DEC2023,89.13,POSTED
PM0000032,P0000015,15NOV2023,359.07,POSTED
PM0000033,P0000015,19DEC2023,359.07,RETURNED
PM0000034,P0000015,15JAN2024,359.07,POSTED
PM0000035,P0000016,20NOV2023,444.94,POSTED
PM0000036,P0000018,17NOV2023,1139.19,POSTED
PM0000037,P0000018,19DEC2023,1139.19,POSTED
PM0000038,P0000018,15JAN2024,1139.19,POSTED
PM0000039,P0000019,20NOV2023,262.68,POSTED
PM0000040,P0000019,15JAN2024,262.68,POSTED
PM0000041,P0000022,19NOV2023,66.76,RETURNED
PM0000042,P0000022,15DEC2023,66.76,POSTED
PM0000043,P0000022,15JAN2024,66.76,LATE
PM0000044,P0000024,17NOV2023,1573.29,POSTED
PM0000045,P0000024,16DEC2023,1573.29,POSTED
PM0000046,P0000025,18NOV2023,187.69,POSTED
PM0000047,P0000025,18JAN2024,187.69,POSTED
PM0000048,P0000026,20DEC2023,160.33,POSTED
PM0000049,P0000027,27DEC2023,30.36,LATE
PM0000050,P0000027,15JAN2024,30.36,POSTED
PM0000051,P0000028,20NOV2023,1038.85,POSTED
PM0000052,P0000028,20DEC2023,1038.85,POSTED
PM0000053,P0000028,16JAN2024,1038.85,POSTED
PM0000054,P0000029,20NOV2023,1373.89,POSTED
PM0000055,P0000029,20DEC2023,1373.89,POSTED
PM0000056,P0000029,17JAN2024,1373.89,POSTED
PM0000057,P0000030,17NOV2023,34.94,LATE
PM0000058,P0000030,16DEC2023,34.94,POSTED
PM0000059,P0000030,16JAN2024,34.94,POSTED
PM0000060,P0000031,15DEC2023,304.19,POSTED
PM0000061,P0000031,18JAN2024,304.19,POSTED
PM0000062,P0000032,18NOV2023,333.24,POSTED
PM0000063,P0000032,15DEC2023,333.24,POSTED
PM0000064,P0000032,16JAN2024,333.24,POSTED
PM0000065,P0000033,19NOV2023,754.89,POSTED
PM0000066,P0000033,19DEC2023,754.89,LATE
PM0000067,P0000033,27JAN2024,754.89,LATE
PM0000068,P0000034,17NOV2023,367.17,POSTED
PM0000069,P0000034,20DEC2023,367.17,POSTED
PM0000070,P0000034,18JAN2024,367.17,POSTED
PM0000071,P0000035,18NOV2023,90.50,POSTED
PM0000072,P0000035,19DEC2023,90.50,POSTED
PM0000073,P0000035,15JAN2024,90.50,POSTED
PM0000074,P0000036,20NOV2023,79.59,POSTED
PM0000075,P0000036,16DEC2023,79.59,POSTED
PM0000076,P0000036,17JAN2024,79.59,LATE
PM0000077,P0000037,19NOV2023,133.71,LATE
PM0000078,P0000037,15JAN2024,133.71,POSTED
PM0000079,P0000038,18NOV2023,286.30,POSTED
PM0000080,P0000038,19JAN2024,286.30,POSTED
PM0000081,P0000039,15NOV2023,274.33,POSTED
PM0000082,P0000039,18DEC2023,274.33,POSTED
PM0000083,P0000039,19JAN2024,274.33,POSTED
PM0000084,P0000040,20NOV2023,104.54,POSTED
PM0000085,P0000040,20DEC2023,104.54,POSTED
PM0000086,P0000040,18JAN2024,104.54,RETURNED
PM0000087,P0000042,20NOV2023,8778.16,POSTED
PM0000088,P0000042,18DEC2023,8778.16,POSTED
PM0000089,P0000042,15JAN2024,8778.16,POSTED
PM0000090,P0000043,19NOV2023,1185.23,POSTED
PM0000091,P0000043,16DEC2023,1185.23,LATE
PM0000092,P0000043,16JAN2024,1185.23,POSTED
PM0000093,P0000044,17NOV2023,635.80,POSTED
PM0000094,P0000044,19DEC2023,635.80,POSTED
PM0000095,P0000044,20JAN2024,635.80,POSTED
PM0000096,P0000045,15NOV2023,113.81,POSTED
PM0000097,P0000045,17DEC2023,113.81,LATE
PM0000098,P0000045,26JAN2024,113.81,LATE
PM0000099,P0000046,17NOV2023,124.68,POSTED
PM0000100,P0000046,18DEC2023,124.68,POSTED
PM0000101,P0000046,19JAN2024,124.68,POSTED
PM0000102,P0000047,20NOV2023,2242.12,POSTED
PM0000103,P0000047,22DEC2023,2242.12,LATE
PM0000104,P0000047,17JAN2024,2242.12,POSTED
PM0000105,P0000048,16NOV2023,1127.45,POSTED
PM0000106,P0000048,20DEC2023,1127.45,POSTED
PM0000107,P0000048,20JAN2024,1127.45,POSTED
PM0000108,P0000049,23NOV2023,100.12,LATE
PM0000109,P0000049,19DEC2023,100.12,POSTED
PM0000110,P0000050,15NOV2023,121.03,POSTED
PM0000111,P0000050,18DEC2023,121.03,POSTED
PM0000112,P0000050,16JAN2024,121.03,POSTED
PM0000113,P0000051,16NOV2023,468.34,POSTED
PM0000114,P0000051,15DEC2023,468.34,LATE
PM0000115,P0000051,16JAN2024,468.34,POSTED
PM0000116,P0000052,17NOV2023,264.59,POSTED
PM0000117,P0000052,19DEC2023,264.59,POSTED
PM0000118,P0000052,20JAN2024,264.59,POSTED
PM0000119,P0000053,15NOV2023,39.08,POSTED
PM0000120,P0000053,20DEC2023,39.08,POSTED
PM0000121,P0000053,15JAN2024,39.08,POSTED
PM0000122,P0000054,20NOV2023,588.83,POSTED
PM0000123,P0000054,19DEC2023,588.83,LATE
PM0000124,P0000055,19DEC2023,292.66,POSTED
PM0000125,P0000055,17JAN2024,292.66,POSTED
PM0000126,P0000056,19NOV2023,740.58,RETURNED
PM0000127,P0000056,15JAN2024,740.58,POSTED
PM0000128,P0000057,18NOV2023,2052.48,RETURNED
PM0000129,P0000057,21DEC2023,2052.48,LATE
PM0000130,P0000057,19JAN2024,2052.48,POSTED
PM0000131,P0000058,15NOV2023,184.01,POSTED
PM0000132,P0000058,17DEC2023,184.01,POSTED
PM0000133,P0000058,16JAN2024,184.01,POSTED
PM0000134,P0000059,17NOV2023,164.80,RETURNED
PM0000135,P0000059,20JAN2024,164.80,POSTED
PM0000136,P0000060,15NOV2023,134.14,POSTED
PM0000137,P0000060,18JAN2024,134.14,POSTED
PM0000138,P0000061,17NOV2023,115.93,POSTED
PM0000139,P0000061,17DEC2023,115.93,POSTED
PM0000140,P0000061,20JAN2024,115.93,POSTED
PM0000141,P0000063,17NOV2023,89.03,POSTED
PM0000142,P0000063,15DEC2023,89.03,POSTED
PM0000143,P0000063,19JAN2024,89.03,POSTED
PM0000144,P0000064,19NOV2023,675.24,LATE
PM0000145,P0000064,19DEC2023,675.24,POSTED
PM0000146,P0000065,15NOV2023,1403.85,POSTED
PM0000147,P0000065,17DEC2023,1403.85,POSTED
PM0000148,P0000066,16NOV2023,186.50,POSTED
PM0000149,P0000066,19DEC2023,186.50,POSTED
PM0000150,P0000066,19JAN2024,186.50,RETURNED
PM0000151,P0000067,19NOV2023,90.40,POSTED
PM0000152,P0000067,18JAN2024,90.40,POSTED
PM0000153,P0000068,18NOV2023,220.72,POSTED
PM0000154,P0000068,15DEC2023,220.72,POSTED
PM0000155,P0000068,17JAN2024,220.72,POSTED
PM0000156,P0000069,20NOV2023,68.96,POSTED
PM0000157,P0000069,20DEC2023,68.96,POSTED
PM0000158,P0000069,18JAN2024,68.96,LATE
PM0000159,P0000070,17NOV2023,869.72,POSTED
PM0000160,P0000070,17DEC2023,869.72,POSTED
PM0000161,P0000070,17JAN2024,869.72,POSTED
PM0000162,P0000071,20DEC2023,63.62,RETURNED
PM0000163,P0000071,17JAN2024,63.62,POSTED
PM0000164,P0000072,17NOV2023,700.34,POSTED
PM0000165,P0000072,19JAN2024,700.34,POSTED
PM0000166,P0000073,15DEC2023,167.71,LATE
PM0000167,P0000073,19JAN2024,167.71,POSTED
PM0000168,P0000074,18NOV2023,72.00,LATE
PM0000169,P0000074,17DEC2023,72.00,POSTED
PM0000170,P0000074,18JAN2024,72.00,POSTED
PM0000171,P0000075,18NOV2023,73.01,POSTED
PM0000172,P0000075,19DEC2023,73.01,POSTED
PM0000173,P0000075,17JAN2024,73.01,POSTED
PM0000174,P0000076,19NOV2023,1289.30,POSTED
PM0000175,P0000076,16DEC2023,1289.30,POSTED
PM0000176,P0000076,17JAN2024,1289.30,POSTED
PM0000177,P0000077,18DEC2023,6434.95,POSTED
PM0000178,P0000077,17JAN2024,6434.95,POSTED
PM0000179,P0000079,19NOV2023,218.55,POSTED
PM0000180,P0000079,19DEC2023,218.55,POSTED
PM0000181,P0000079,16JAN2024,218.55,POSTED
PM0000182,P0000080,15NOV2023,607.41,POSTED
PM0000183,P0000080,23DEC2023,607.41,LATE
PM0000184,P0000080,19JAN2024,607.41,POSTED
PM0000185,P0000081,16NOV2023,1014.37,POSTED
PM0000186,P0000081,18DEC2023,1014.37,POSTED
PM0000187,P0000082,17NOV2023,70.59,POSTED
PM0000188,P0000082,15DEC2023,70.59,POSTED
PM0000189,P0000083,16NOV2023,3906.93,LATE
PM0000190,P0000083,19JAN2024,3906.93,POSTED
PM0000191,P0000084,17NOV2023,122.83,POSTED
PM0000192,P0000084,15DEC2023,122.83,RETURNED
PM0000193,P0000084,15JAN2024,122.83,POSTED
PM0000194,P0000085,27NOV2023,647.47,LATE
PM0000195,P0000085,19DEC2023,647.47,POSTED
PM0000196,P0000085,15JAN2024,647.47,LATE
PM0000197,P0000086,15NOV2023,245.71,POSTED
PM0000198,P0000086,19DEC2023,245.71,POSTED
PM0000199,P0000086,15JAN2024,245.71,POSTED
PM0000200,P0000087,19NOV2023,147.78,POSTED
PM0000201,P0000087,17JAN2024,147.78,RETURNED
PM0000202,P0000089,20NOV2023,22.60,POSTED
PM0000203,P0000089,18DEC2023,22.60,RETURNED
PM0000204,P0000091,16NOV2023,852.53,POSTED
PM0000205,P0000091,20DEC2023,852.53,POSTED
PM0000206,P0000091,17JAN2024,852.53,LATE
PM0000207,P0000092,20NOV2023,212.94,POSTED
PM0000208,P0000092,18DEC2023,212.94,POSTED
PM0000209,P0000092,18JAN2024,212.94,POSTED
PM0000210,P0000094,17NOV2023,206.08,POSTED
PM0000211,P0000094,15DEC2023,206.08,RETURNED
PM0000212,P0000094,25JAN2024,206.08,LATE
PM0000213,P0000095,18NOV2023,46.75,POSTED
PM0000214,P0000095,16DEC2023,46.75,POSTED
PM0000215,P0000095,17JAN2024,46.75,POSTED
PM0000216,P0000096,20NOV2023,1041.07,POSTED
PM0000217,P0000096,18DEC2023,1041.07,POSTED
PM0000218,P0000096,15JAN2024,1041.07,POSTED
PM0000219,P0000097,15NOV2023,225.61,POSTED
PM0000220,P0000097,19JAN2024,225.61,POSTED
PM0000221,P0000098,27NOV2023,1883.58,LATE
PM0000222,P0000098,19DEC2023,1883.58,POSTED
PM0000223,P0000098,19JAN2024,1883.58,POSTED
PM0000224,P0000099,20NOV2023,347.68,POSTED
PM0000225,P0000099,26DEC2023,347.68,LATE
PM0000226,P0000099,16JAN2024,347.68,RETURNED
PM0000227,P0000101,20NOV2023,233.16,POSTED
PM0000228,P0000101,16DEC2023,233.16,POSTED
PM0000229,P0000101,19JAN2024,233.16,POSTED
PM0000230,P0000102,17NOV2023,132.67,POSTED
PM0000231,P0000102,16DEC2023,132.67,POSTED
PM0000232,P0000102,19JAN2024,132.67,POSTED
PM0000233,P0000103,17NOV2023,583.98,POSTED
PM0000234,P0000103,18DEC2023,583.98,POSTED
PM0000235,P0000103,19JAN2024,583.98,POSTED
PM0000236,P0000104,20NOV2023,645.35,POSTED
PM0000237,P0000104,16DEC2023,645.35,LATE
PM0000238,P0000104,18JAN2024,645.35,POSTED
PM0000239,P0000105,17NOV2023,54.54,POSTED
PM0000240,P0000105,25DEC2023,54.54,LATE
PM0000241,P0000105,16JAN2024,54.54,POSTED
PM0000242,P0000106,23NOV2023,197.64,LATE
PM0000243,P0000106,17DEC2023,197.64,LATE
PM0000244,P0000106,20JAN2024,197.64,RETURNED
PM0000245,P0000107,18NOV2023,827.91,POSTED
PM0000246,P0000107,20DEC2023,827.91,POSTED
PM0000247,P0000107,17JAN2024,827.91,POSTED
PM0000248,P0000108,18DEC2023,1097.07,POSTED
PM0000249,P0000108,15JAN2024,1097.07,POSTED
PM0000250,P0000109,19NOV2023,6966.75,POSTED
PM0000251,P0000109,15DEC2023,6966.75,POSTED
PM0000252,P0000109,20JAN2024,6966.75,POSTED
PM0000253,P0000110,15NOV2023,518.26,POSTED
PM0000254,P0000110,19DEC2023,518.26,POSTED
PM0000255,P0000110,16JAN2024,518.26,POSTED
PM0000256,P0000111,18NOV2023,8127.28,POSTED
PM0000257,P0000111,20DEC2023,8127.28,LATE
PM0000258,P0000111,16JAN2024,8127.28,POSTED
PM0000259,P0000112,17NOV2023,686.51,POSTED
PM0000260,P0000112,19DEC2023,686.51,POSTED
PM0000261,P0000112,17JAN2024,686.51,POSTED
PM0000262,P0000113,20NOV2023,34.07,LATE
PM0000263,P0000113,16DEC2023,34.07,POSTED
PM0000264,P0000114,15DEC2023,485.49,POSTED
PM0000265,P0000114,26JAN2024,485.49,LATE
PM0000266,P0000115,26NOV2023,909.03,LATE
PM0000267,P0000115,17DEC2023,909.03,POSTED
PM0000268,P0000115,17JAN2024,909.03,LATE
PM0000269,P0000116,19NOV2023,3161.18,POSTED
PM0000270,P0000116,17DEC2023,3161.18,POSTED
PM0000271,P0000116,19JAN2024,3161.18,LATE
PM0000272,P0000117,18NOV2023,2166.91,POSTED
PM0000273,P0000117,16DEC2023,2166.91,POSTED
PM0000274,P0000117,18JAN2024,2166.91,LATE
PM0000275,P0000118,15NOV2023,105.17,POSTED
PM0000276,P0000118,15DEC2023,105.17,POSTED
PM0000277,P0000119,15NOV2023,1048.40,POSTED
PM0000278,P0000119,20DEC2023,1048.40,POSTED
PM0000279,P0000119,17JAN2024,1048.40,POSTED
PM0000280,P0000120,15NOV2023,5540.42,POSTED
PM0000281,P0000120,27DEC2023,5540.42,LATE
PM0000282,P0000120,16JAN2024,5540.42,POSTED
PM0000283,P0000121,20NOV2023,140.79,POSTED
PM0000284,P0000121,15DEC2023,140.79,POSTED
PM0000285,P0000121,15JAN2024,140.79,POSTED
PM0000286,P0000122,24NOV2023,1824.81,LATE
PM0000287,P0000122,17DEC2023,1824.81,POSTED
PM0000288,P0000122,20JAN2024,1824.81,POSTED
PM0000289,P0000123,18NOV2023,2491.28,POSTED
PM0000290,P0000123,19JAN2024,2491.28,POSTED
PM0000291,P0000124,18NOV2023,100.81,POSTED
PM0000292,P0000124,17DEC2023,100.81,POSTED
PM0000293,P0000124,20JAN2024,100.81,POSTED
PM0000294,P0000125,20DEC2023,697.35,POSTED
PM0000295,P0000125,20JAN2024,697.35,POSTED
PM0000296,P0000126,18DEC2023,1074.31,POSTED
PM0000297,P0000126,19JAN2024,1074.31,POSTED
PM0000298,P0000127,20NOV2023,1009.94,RETURNED
PM0000299,P0000127,17DEC2023,1009.94,POSTED
PM0000300,P0000127,19JAN2024,1009.94,POSTED
PM0000301,P0000128,18NOV2023,158.17,POSTED
PM0000302,P0000128,25DEC2023,158.17,LATE
PM0000303,P0000128,20JAN2024,158.17,POSTED
PM0000304,P0000129,18NOV2023,8285.62,LATE
PM0000305,P0000129,18DEC2023,8285.62,POSTED
PM0000306,P0000129,15JAN2024,8285.62,RETURNED
PM0000307,P0000130,18NOV2023,331.27,LATE
PM0000308,P0000130,24DEC2023,331.27,LATE
PM0000309,P0000130,15JAN2024,331.27,POSTED
PM0000310,P0000131,15NOV2023,90.97,POSTED
PM0000311,P0000131,16DEC2023,90.97,POSTED
PM0000312,P0000131,15JAN2024,90.97,POSTED
PM0000313,P0000133,15NOV2023,2295.98,POSTED
PM0000314,P0000133,20DEC2023,2295.98,POSTED
PM0000315,P0000133,15JAN2024,2295.98,POSTED
PM0000316,P0000135,17NOV2023,107.89,POSTED
PM0000317,P0000135,17DEC2023,107.89,RETURNED
PM0000318,P0000135,18JAN2024,107.89,POSTED
PM0000319,P0000137,16DEC2023,587.45,POSTED
PM0000320,P0000137,15JAN2024,587.45,POSTED
PM0000321,P0000138,19NOV2023,65.20,POSTED
PM0000322,P0000138,20DEC2023,65.20,POSTED
PM0000323,P0000138,15JAN2024,65.20,POSTED
PM0000324,P0000139,19NOV2023,711.66,POSTED
PM0000325,P0000139,16DEC2023,711.66,POSTED
PM0000326,P0000140,18NOV2023,492.24,POSTED
PM0000327,P0000140,19DEC2023,492.24,POSTED
PM0000328,P0000140,18JAN2024,492.24,LATE
PM0000329,P0000141,18NOV2023,128.85,POSTED
PM0000330,P0000141,19DEC2023,128.85,POSTED
PM0000331,P0000141,20JAN2024,128.85,POSTED
PM0000332,P0000142,16NOV2023,1557.20,POSTED
PM0000333,P0000142,19DEC2023,1557.20,POSTED
PM0000334,P0000142,15JAN2024,1557.20,POSTED
PM0000335,P0000144,15NOV2023,52.78,POSTED
PM0000336,P0000144,18DEC2023,52.78,POSTED
PM0000337,P0000144,17JAN2024,52.78,POSTED
PM0000338,P0000146,20NOV2023,485.27,POSTED
PM0000339,P0000146,15DEC2023,485.27,POSTED
PM0000340,P0000146,17JAN2024,485.27,POSTED
PM0000341,P0000148,20NOV2023,623.34,POSTED
PM0000342,P0000148,19DEC2023,623.34,POSTED
PM0000343,P0000148,15JAN2024,623.34,POSTED
PM0000344,P0000149,18NOV2023,2321.98,POSTED
PM0000345,P0000149,22DEC2023,2321.98,LATE
PM0000346,P0000149,19JAN2024,2321.98,POSTED
PM0000347,P0000150,18NOV2023,2488.72,POSTED
PM0000348,P0000150,17DEC2023,2488.72,POSTED
PM0000349,P0000150,20JAN2024,2488.72,POSTED
PM0000350,P0000151,15NOV2023,1847.26,POSTED
PM0000351,P0000151,20JAN2024,1847.26,POSTED
PM0000352,P0000152,17NOV2023,5552.88,POSTED
PM0000353,P0000152,18DEC2023,5552.88,POSTED
PM0000354,P0000153,17NOV2023,69.52,POSTED
PM0000355,P0000153,20DEC2023,69.52,POSTED
PM0000356,P0000153,23JAN2024,69.52,LATE
PM0000357,P0000154,16NOV2023,135.87,POSTED
PM0000358,P0000154,20DEC2023,135.87,LATE
PM0000359,P0000154,17JAN2024,135.87,POSTED
PM0000360,P0000155,16NOV2023,100.83,POSTED
PM0000361,P0000155,20DEC2023,100.83,POSTED
PM0000362,P0000155,23JAN2024,100.83,LATE
PM0000363,P0000157,17NOV2023,264.93,POSTED
PM0000364,P0000157,18DEC2023,264.93,LATE
PM0000365,P0000157,19JAN2024,264.93,POSTED
PM0000366,P0000158,15NOV2023,885.27,POSTED
PM0000367,P0000158,19DEC2023,885.27,POSTED
PM0000368,P0000158,20JAN2024,885.27,POSTED
PM0000369,P0000159,15NOV2023,468.07,POSTED
PM0000370,P0000159,18DEC2023,468.07,POSTED
PM0000371,P0000159,20JAN2024,468.07,POSTED
PM0000372,P0000160,19NOV2023,61.06,POSTED
PM0000373,P0000160,19DEC2023,61.06,LATE
PM0000374,P0000160,18JAN2024,61.06,POSTED
PM0000375,P0000161,15NOV2023,3367.16,POSTED
PM0000376,P0000161,17DEC2023,3367.16,POSTED
PM0000377,P0000161,19JAN2024,3367.16,POSTED
PM0000378,P0000162,20NOV2023,138.78,POSTED
PM0000379,P0000162,20DEC2023,138.78,POSTED
PM0000380,P0000162,19JAN2024,138.78,POSTED
PM0000381,P0000163,19NOV2023,1424.14,POSTED
PM0000382,P0000163,20JAN2024,1424.14,POSTED
PM0000383,P0000164,16NOV2023,948.26,POSTED
PM0000384,P0000164,17DEC2023,948.26,POSTED
PM0000385,P0000164,16JAN2024,948.26,POSTED
PM0000386,P0000165,16DEC2023,948.18,POSTED
PM0000387,P0000165,15JAN2024,948.18,POSTED
PM0000388,P0000166,15NOV2023,119.62,POSTED
PM0000389,P0000166,19JAN2024,119.62,POSTED
PM0000390,P0000167,15DEC2023,377.04,POSTED
PM0000391,P0000167,19JAN2024,377.04,POSTED
PM0000392,P0000168,18NOV2023,384.19,POSTED
PM0000393,P0000168,16DEC2023,384.19,RETURNED
PM0000394,P0000168,23JAN2024,384.19,LATE
PM0000395,P0000169,24NOV2023,1362.34,LATE
PM0000396,P0000169,17DEC2023,1362.34,RETURNED
PM0000397,P0000169,20JAN2024,1362.34,POSTED
PM0000398,P0000171,19DEC2023,231.62,POSTED
PM0000399,P0000171,19JAN2024,231.62,POSTED
PM0000400,P0000172,20NOV2023,173.35,POSTED
PM0000401,P0000172,15DEC2023,173.35,RETURNED
PM0000402,P0000172,15JAN2024,173.35,POSTED
PM0000403,P0000173,16NOV2023,39.55,RETURNED
PM0000404,P0000173,27DEC2023,39.55,LATE
PM0000405,P0000173,20JAN2024,39.55,POSTED
PM0000406,P0000174,17NOV2023,117.98,RETURNED
PM0000407,P0000174,15DEC2023,117.98,POSTED
PM0000408,P0000174,17JAN2024,117.98,POSTED
PM0000409,P0000175,19NOV2023,67.33,POSTED
PM0000410,P0000175,15DEC2023,67.33,POSTED
PM0000411,P0000175,19JAN2024,67.33,POSTED
PM0000412,P0000176,15NOV2023,99.50,POSTED
PM0000413,P0000176,15JAN2024,99.50,POSTED
PM0000414,P0000179,18NOV2023,23.48,POSTED
PM0000415,P0000179,17JAN2024,23.48,POSTED
PM0000416,P0000180,15NOV2023,186.30,POSTED
PM0000417,P0000180,22DEC2023,186.30,LATE
PM0000418,P0000181,18NOV2023,403.52,RETURNED
PM0000419,P0000181,16DEC2023,403.52,POSTED
PM0000420,P0000181,18JAN2024,403.52,POSTED
PM0000421,P0000182,18NOV2023,2481.51,POSTED
PM0000422,P0000182,20DEC2023,2481.51,POSTED
PM0000423,P0000182,20JAN2024,2481.51,POSTED
PM0000424,P0000184,19NOV2023,3596.89,POSTED
PM0000425,P0000184,20DEC2023,3596.89,POSTED
PM0000426,P0000184,19JAN2024,3596.89,POSTED
PM0000427,P0000185,18NOV2023,61.22,POSTED
PM0000428,P0000185,16DEC2023,61.22,POSTED
PM0000429,P0000185,15JAN2024,61.22,POSTED
PM0000430,P0000186,16NOV2023,422.86,POSTED
PM0000431,P0000186,18DEC2023,422.86,POSTED
PM0000432,P0000186,18JAN2024,422.86,POSTED
PM0000433,P0000187,17NOV2023,135.31,POSTED
PM0000434,P0000187,20JAN2024,135.31,LATE
PM0000435,P0000188,20NOV2023,546.14,POSTED
PM0000436,P0000188,19DEC2023,546.14,POSTED
PM0000437,P0000189,17NOV2023,188.09,POSTED
PM0000438,P0000189,17DEC2023,188.09,POSTED
PM0000439,P0000190,18NOV2023,218.74,POSTED
PM0000440,P0000190,19DEC2023,218.74,LATE
PM0000441,P0000191,15NOV2023,116.00,POSTED
PM0000442,P0000191,17DEC2023,116.00,POSTED
PM0000443,P0000191,16JAN2024,116.00,POSTED
PM0000444,P0000192,18NOV2023,882.67,POSTED
PM0000445,P0000192,15DEC2023,882.67,POSTED
PM0000446,P0000192,18JAN2024,882.67,LATE
PM0000447,P0000193,21NOV2023,118.14,LATE
PM0000448,P0000193,18DEC2023,118.14,RETURNED
PM0000449,P0000193,16JAN2024,118.14,POSTED
PM0000450,P0000195,15JAN2024,1432.18,POSTED
PM0000451,P0000196,15NOV2023,114.50,RETURNED
PM0000452,P0000196,16DEC2023,114.50,POSTED
PM0000453,P0000196,15JAN2024,114.50,LATE
PM0000454,P0000197,18NOV2023,54.99,POSTED
PM0000455,P0000197,20DEC2023,54.99,POSTED
PM0000456,P0000197,19JAN2024,54.99,POSTED
PM0000457,P0000198,15DEC2023,122.06,POSTED
PM0000458,P0000198,19JAN2024,122.06,POSTED
PM0000459,P0000199,15NOV2023,4970.62,POSTED
PM0000460,P0000199,19DEC2023,4970.62,POSTED
PM0000461,P0000199,15JAN2024,4970.62,POSTED
PM0000462,P0000200,19NOV2023,150.52,POSTED
PM0000463,P0000200,25DEC2023,150.52,LATE
PM0000464,P0000201,20NOV2023,455.45,POSTED
PM0000465,P0000201,15DEC2023,455.45,POSTED
PM0000466,P0000201,15JAN2024,455.45,POSTED
PM0000467,P0000202,15DEC2023,329.11,POSTED
PM0000468,P0000202,20JAN2024,329.11,POSTED
PM0000469,P0000203,15NOV2023,123.57,POSTED
PM0000470,P0000203,18DEC2023,123.57,LATE
PM0000471,P0000203,20JAN2024,123.57,POSTED
PM0000472,P0000204,16NOV2023,188.62,RETURNED
PM0000473,P0000204,19DEC2023,188.62,POSTED
PM0000474,P0000205,19NOV2023,4118.99,RETURNED
PM0000475,P0000205,20DEC2023,4118.99,RETURNED
PM0000476,P0000205,15JAN2024,4118.99,POSTED
PM0000477,P0000206,19NOV2023,149.60,POSTED
PM0000478,P0000206,18DEC2023,149.60,POSTED
PM0000479,P0000206,15JAN2024,149.60,POSTED
PM0000480,P0000208,21NOV2023,595.35,LATE
PM0000481,P0000208,15DEC2023,595.35,LATE
PM0000482,P0000208,19JAN2024,595.35,POSTED
PM0000483,P0000209,17NOV2023,948.92,POSTED
PM0000484,P0000209,16DEC2023,948.92,POSTED
PM0000485,P0000209,18JAN2024,948.92,POSTED
PM0000486,P0000210,16DEC2023,1373.50,POSTED
PM0000487,P0000210,20JAN2024,1373.50,LATE
PM0000488,P0000211,18DEC2023,145.68,POSTED
PM0000489,P0000211,15JAN2024,145.68,POSTED
PM0000490,P0000212,17NOV2023,53.12,POSTED
PM0000491,P0000212,19DEC2023,53.12,RETURNED
PM0000492,P0000212,16JAN2024,53.12,POSTED
PM0000493,P0000214,15NOV2023,4977.55,POSTED
PM0000494,P0000214,15DEC2023,4977.55,POSTED
PM0000495,P0000214,15JAN2024,4977.55,POSTED
PM0000496,P0000216,20NOV2023,166.01,POSTED
PM0000497,P0000216,17DEC2023,166.01,POSTED
PM0000498,P0000217,20NOV2023,1703.59,POSTED
PM0000499,P0000217,19DEC2023,1703.59,POSTED
PM0000500,P0000217,16JAN2024,1703.59,LATE
PM0000501,P0000218,19JAN2024,1229.23,POSTED
PM0000502,P0000219,16NOV2023,587.01,POSTED
PM0000503,P0000219,17DEC2023,587.01,POSTED
PM0000504,P0000219,18JAN2024,587.01,POSTED
PM0000505,P0000220,20NOV2023,846.24,POSTED
PM0000506,P0000220,17DEC2023,846.24,POSTED
PM0000507,P0000220,19JAN2024,846.24,POSTED
PM0000508,P0000221,20DEC2023,1769.07,POSTED
PM0000509,P0000222,18NOV2023,1736.00,POSTED
PM0000510,P0000222,16DEC2023,1736.00,RETURNED
PM0000511,P0000222,23JAN2024,1736.00,LATE
PM0000512,P0000224,15NOV2023,34.45,LATE
PM0000513,P0000224,18DEC2023,34.45,POSTED
PM0000514,P0000224,19JAN2024,34.45,POSTED
PM0000515,P0000225,27NOV2023,210.82,LATE
PM0000516,P0000225,16DEC2023,210.82,POSTED
PM0000517,P0000225,20JAN2024,210.82,LATE
PM0000518,P0000228,19NOV2023,641.08,RETURNED
PM0000519,P0000228,18DEC2023,641.08,POSTED
PM0000520,P0000229,20NOV2023,605.12,POSTED
PM0000521,P0000229,17DEC2023,605.12,POSTED
PM0000522,P0000230,19NOV2023,1062.20,POSTED
PM0000523,P0000230,18JAN2024,1062.20,POSTED
PM0000524,P0000232,19NOV2023,375.70,RETURNED
PM0000525,P0000232,17DEC2023,375.70,POSTED
PM0000526,P0000232,17JAN2024,375.70,POSTED
PM0000527,P0000233,18NOV2023,59.66,RETURNED
PM0000528,P0000233,18DEC2023,59.66,POSTED
PM0000529,P0000233,26JAN2024,59.66,LATE
PM0000530,P0000234,19NOV2023,178.38,POSTED
PM0000531,P0000234,15DEC2023,178.38,LATE
PM0000532,P0000235,15NOV2023,143.91,RETURNED
PM0000533,P0000235,20DEC2023,143.91,POSTED
PM0000534,P0000235,20JAN2024,143.91,POSTED
PM0000535,P0000236,16NOV2023,1400.70,POSTED
PM0000536,P0000236,19JAN2024,1400.70,POSTED
PM0000537,P0000237,19NOV2023,75.00,POSTED
PM0000538,P0000237,16DEC2023,75.00,POSTED
PM0000539,P0000239,27NOV2023,96.54,LATE
PM0000540,P0000239,18DEC2023,96.54,RETURNED
PM0000541,P0000239,19JAN2024,96.54,POSTED
PM0000542,P0000240,16DEC2023,1735.37,POSTED
PM0000543,P0000240,15JAN2024,1735.37,RETURNED
PM0000544,P0000241,20DEC2023,667.73,POSTED
PM0000545,P0000241,17JAN2024,667.73,RETURNED
PM0000546,P0000242,19NOV2023,2930.31,LATE
PM0000547,P0000242,17DEC2023,2930.31,POSTED
PM0000548,P0000242,23JAN2024,2930.31,LATE
PM0000549,P0000244,16NOV2023,69.74,POSTED
PM0000550,P0000244,22DEC2023,69.74,LATE
PM0000551,P0000244,20JAN2024,69.74,POSTED
PM0000552,P0000245,19NOV2023,488.46,POSTED
PM0000553,P0000245,18DEC2023,488.46,POSTED
PM0000554,P0000245,15JAN2024,488.46,RETURNED
PM0000555,P0000246,20NOV2023,1160.84,POSTED
PM0000556,P0000246,18DEC2023,1160.84,POSTED
PM0000557,P0000246,15JAN2024,1160.84,POSTED
PM0000558,P0000247,19NOV2023,543.41,LATE
PM0000559,P0000247,24DEC2023,543.41,LATE
PM0000560,P0000247,19JAN2024,543.41,LATE
PM0000561,P0000248,19NOV2023,1889.55,POSTED
PM0000562,P0000248,15JAN2024,1889.55,POSTED
PM0000563,P0000249,20NOV2023,120.01,POSTED
PM0000564,P0000249,17DEC2023,120.01,POSTED
PM0000565,P0000249,20JAN2024,120.01,POSTED
PM0000566,P0000250,20NOV2023,739.13,POSTED
PM0000567,P0000251,19NOV2023,225.95,POSTED
PM0000568,P0000251,16DEC2023,225.95,LATE
PM0000569,P0000251,20JAN2024,225.95,POSTED
PM0000570,P0000252,19DEC2023,3161.57,POSTED
PM0000571,P0000252,26JAN2024,3161.57,LATE
PM0000572,P0000253,19NOV2023,4290.49,POSTED
PM0000573,P0000253,17DEC2023,4290.49,POSTED
PM0000574,P0000254,16NOV2023,83.05,POSTED
PM0000575,P0000254,18DEC2023,83.05,POSTED
PM0000576,P0000254,16JAN2024,83.05,POSTED
PM0000577,P0000255,16NOV2023,267.19,POSTED
PM0000578,P0000255,19DEC2023,267.19,LATE
PM0000579,P0000255,15JAN2024,267.19,POSTED
PM0000580,P0000256,20DEC2023,205.11,POSTED
PM0000581,P0000256,19JAN2024,205.11,POSTED
PM0000582,P0000257,18DEC2023,3636.55,POSTED
PM0000583,P0000257,16JAN2024,3636.55,POSTED
PM0000584,P0000258,17NOV2023,688.39,POSTED
PM0000585,P0000258,16DEC2023,688.39,POSTED
PM0000586,P0000259,18NOV2023,1153.80,POSTED
PM0000587,P0000259,17DEC2023,1153.80,LATE
PM0000588,P0000259,17JAN2024,1153.80,POSTED
PM0000589,P0000260,18NOV2023,436.25,POSTED
PM0000590,P0000260,16DEC2023,436.25,POSTED
PM0000591,P0000262,15NOV2023,578.99,POSTED
PM0000592,P0000262,19DEC2023,578.99,POSTED
PM0000593,P0000262,21JAN2024,578.99,LATE
PM0000594,P0000263,17NOV2023,3339.67,POSTED
PM0000595,P0000263,16DEC2023,3339.67,POSTED
PM0000596,P0000263,20JAN2024,3339.67,POSTED
PM0000597,P0000264,16NOV2023,144.22,LATE
PM0000598,P0000264,18DEC2023,144.22,POSTED
PM0000599,P0000264,20JAN2024,144.22,RETURNED
PM0000600,P0000265,20NOV2023,84.75,POSTED
PM0000601,P0000265,16JAN2024,84.75,POSTED
PM0000602,P0000266,16NOV2023,221.38,LATE
PM0000603,P0000266,21DEC2023,221.38,LATE
PM0000604,P0000266,15JAN2024,221.38,POSTED
PM0000605,P0000267,17DEC2023,1267.22,LATE
PM0000606,P0000267,15JAN2024,1267.22,POSTED
PM0000607,P0000268,16NOV2023,744.33,POSTED
PM0000608,P0000268,24JAN2024,744.33,LATE
PM0000609,P0000269,16NOV2023,86.64,POSTED
PM0000610,P0000269,18DEC2023,86.64,POSTED
PM0000611,P0000269,18JAN2024,86.64,POSTED
PM0000612,P0000270,20NOV2023,2368.35,POSTED
PM0000613,P0000270,18DEC2023,2368.35,RETURNED
PM0000614,P0000270,19JAN2024,2368.35,POSTED
PM0000615,P0000272,17NOV2023,262.79,RETURNED
PM0000616,P0000272,20DEC2023,262.79,POSTED
PM0000617,P0000272,17JAN2024,262.79,POSTED
PM0000618,P0000273,19NOV2023,75.07,POSTED
PM0000619,P0000273,16DEC2023,75.07,POSTED
PM0000620,P0000273,25JAN2024,75.07,LATE
PM0000621,P0000274,18NOV2023,132.46,RETURNED
PM0000622,P0000274,15DEC2023,132.46,RETURNED
PM0000623,P0000274,18JAN2024,132.46,RETURNED
PM0000624,P0000275,16NOV2023,6260.02,POSTED
PM0000625,P0000275,16DEC2023,6260.02,POSTED
PM0000626,P0000275,18JAN2024,6260.02,POSTED
PM0000627,P0000276,19NOV2023,4254.42,POSTED
PM0000628,P0000276,18DEC2023,4254.42,POSTED
PM0000629,P0000276,15JAN2024,4254.42,POSTED
PM0000630,P0000278,16NOV2023,87.29,POSTED
PM0000631,P0000278,17DEC2023,87.29,POSTED
PM0000632,P0000279,23NOV2023,520.75,LATE
PM0000633,P0000279,17DEC2023,520.75,POSTED
PM0000634,P0000279,20JAN2024,520.75,POSTED
PM0000635,P0000281,15NOV2023,206.67,POSTED
PM0000636,P0000281,16DEC2023,206.67,POSTED
PM0000637,P0000281,15JAN2024,206.67,POSTED
PM0000638,P0000282,15NOV2023,144.16,POSTED
PM0000639,P0000282,17DEC2023,144.16,POSTED
PM0000640,P0000282,15JAN2024,144.16,POSTED
PM0000641,P0000283,17NOV2023,527.82,POSTED
PM0000642,P0000283,20DEC2023,527.82,POSTED
PM0000643,P0000283,16JAN2024,527.82,POSTED
PM0000644,P0000284,20NOV2023,41.64,POSTED
PM0000645,P0000284,16DEC2023,41.64,LATE
PM0000646,P0000284,20JAN2024,41.64,POSTED
PM0000647,P0000285,19NOV2023,219.87,POSTED
PM0000648,P0000285,15DEC2023,219.87,POSTED
PM0000649,P0000285,21JAN2024,219.87,LATE
PM0000650,P0000286,17NOV2023,585.95,POSTED
PM0000651,P0000286,20DEC2023,585.95,POSTED
PM0000652,P0000286,17JAN2024,585.95,POSTED
PM0000653,P0000287,17NOV2023,1333.60,POSTED
PM0000654,P0000287,19DEC2023,1333.60,POSTED
PM0000655,P0000287,17JAN2024,1333.60,POSTED
PM0000656,P0000288,15NOV2023,4770.74,POSTED
PM0000657,P0000288,18JAN2024,4770.74,POSTED
PM0000658,P0000289,21DEC2023,1123.62,LATE
PM0000659,P0000289,20JAN2024,1123.62,POSTED
PM0000660,P0000290,17NOV2023,2282.77,POSTED
PM0000661,P0000291,16NOV2023,303.49,POSTED
PM0000662,P0000291,16DEC2023,303.49,POSTED
PM0000663,P0000291,16JAN2024,303.49,POSTED
PM0000664,P0000292,19NOV2023,93.04,POSTED
PM0000665,P0000292,16DEC2023,93.04,POSTED
PM0000666,P0000292,16JAN2024,93.04,POSTED
PM0000667,P0000293,17NOV2023,2307.62,POSTED
PM0000668,P0000293,18DEC2023,2307.62,POSTED
PM0000669,P0000293,18JAN2024,2307.62,POSTED
PM0000670,P0000294,15NOV2023,499.50,POSTED
PM0000671,P0000294,19DEC2023,499.50,POSTED
PM0000672,P0000294,26JAN2024,499.50,LATE
PM0000673,P0000295,16NOV2023,1558.46,POSTED
PM0000674,P0000295,19DEC2023,1558.46,POSTED
PM0000675,P0000295,15JAN2024,1558.46,POSTED
PM0000676,P0000296,19NOV2023,65.90,POSTED
PM0000677,P0000296,20DEC2023,65.90,POSTED
PM0000678,P0000296,23JAN2024,65.90,LATE
PM0000679,P0000297,16NOV2023,78.52,POSTED
PM0000680,P0000297,18DEC2023,78.52,POSTED
PM0000681,P0000297,16JAN2024,78.52,POSTED
PM0000682,P0000299,17NOV2023,60.04,POSTED
PM0000683,P0000299,17DEC2023,60.04,POSTED
PM0000684,P0000300,19NOV2023,2177.97,POSTED
PM0000685,P0000300,17DEC2023,2177.97,POSTED
PM0000686,P0000300,16JAN2024,2177.97,POSTED
PM0000687,P0000301,17NOV2023,44.94,POSTED
PM0000688,P0000301,24DEC2023,44.94,LATE
PM0000689,P0000301,18JAN2024,44.94,POSTED
PM0000690,P0000302,19NOV2023,1057.63,POSTED
PM0000691,P0000302,27JAN2024,1057.63,LATE
PM0000692,P0000303,17NOV2023,97.31,POSTED
PM0000693,P0000303,16DEC2023,97.31,POSTED
PM0000694,P0000303,18JAN2024,97.31,POSTED
PM0000695,P0000304,18NOV2023,155.57,POSTED
PM0000696,P0000304,15JAN2024,155.57,POSTED
PM0000697,P0000305,17NOV2023,620.63,POSTED
PM0000698,P0000305,18DEC2023,620.63,POSTED
PM0000699,P0000305,17JAN2024,620.63,POSTED
PM0000700,P0000306,15NOV2023,13514.08,POSTED
PM0000701,P0000306,18DEC2023,13514.08,POSTED
PM0000702,P0000306,19JAN2024,13514.08,LATE
PM0000703,P0000307,24NOV2023,265.04,LATE
PM0000704,P0000307,18DEC2023,265.04,POSTED
PM0000705,P0000307,16JAN2024,265.04,LATE
PM0000706,P0000309,20JAN2024,1545.34,POSTED
PM0000707,P0000310,18NOV2023,161.98,POSTED
PM0000708,P0000310,16DEC2023,161.98,POSTED
PM0000709,P0000310,19JAN2024,161.98,POSTED
PM0000710,P0000311,20NOV2023,727.45,POSTED
PM0000711,P0000311,20JAN2024,727.45,POSTED
PM0000712,P0000312,15DEC2023,76.16,POSTED
PM0000713,P0000312,20JAN2024,76.16,POSTED
PM0000714,P0000314,17NOV2023,634.25,POSTED
PM0000715,P0000314,18DEC2023,634.25,POSTED
PM0000716,P0000314,16JAN2024,634.25,POSTED
PM0000717,P0000315,18NOV2023,813.36,POSTED
PM0000718,P0000315,16DEC2023,813.36,POSTED
PM0000719,P0000315,16JAN2024,813.36,POSTED
PM0000720,P0000316,17NOV2023,197.72,POSTED
PM0000721,P0000316,26JAN2024,197.72,LATE
PM0000722,P0000317,17NOV2023,136.81,LATE
PM0000723,P0000317,19DEC2023,136.81,POSTED
PM0000724,P0000317,15JAN2024,136.81,POSTED
PM0000725,P0000318,15NOV2023,216.88,POSTED
PM0000726,P0000318,17DEC2023,216.88,POSTED
PM0000727,P0000319,24NOV2023,2599.62,LATE
PM0000728,P0000319,15DEC2023,2599.62,POSTED
PM0000729,P0000319,19JAN2024,2599.62,POSTED
PM0000730,P0000320,18NOV2023,164.78,LATE
PM0000731,P0000320,17DEC2023,164.78,POSTED
PM0000732,P0000320,23JAN2024,164.78,LATE
